<?xml version="1.0" encoding="UTF-8"?>
<presets xmlns="http://josm.openstreetmap.de/tagging-preset-1.0"
    author="Noël Danjou"
	icon="icons/SNCF_logo.png"
    version="1.2_2025-08-09"
    description="Presets for tagging French railway signalling"
    fr.description="Préréglages pour étiqueter la signalisation ferroviaire en France"
    shortdescription="French Railway Signalling"
    fr.shortdescription="Signalisation Ferroviaire Française"
	link="https://github.com/noeldev/FrenchRailwaySignalling">
	
	<group
		name="French Railway Signalling"
		fr.name="Signalisation Ferroviaire"
		icon="icons/SNCF_logo.png">

		<chunk id="common_tags">
			<key key="railway" value="signal" />
			<key key="source" value="SNCF - 03/2022" />
			<text
				key="ref"
				text="Identifier"
				fr.text="Identifiant" length="7"/>
			<text
				key="railway:position:exact"
				text="PK (e.g. 100.325)"
				fr.text="PK (ex. : 100.325)" length="7"/>
			<combo
				key="railway:signal:direction"
				text="Direction"
				fr.text="Sens "
				values="forward,backward,both"
				display_values="Forward,Backward,Bidirectional"
				fr.display_values="Croissant,Décroissant,Bidirectionnel"
				editable="false" values_sort="false" />
			<combo
				key="railway:signal:position"
				text="Position"
				fr.text="Position"
				editable="false" values_sort="false">
				<list_entry
					value="left"
					display_value="Left"
					fr.display_value="Gauche" />
				<list_entry
					value="right"
					display_value="Right"
					fr.display_value="Droite" />
				<list_entry
					value="bridge"
					display_value="Gantry"
					fr.display_value="Portique/Potence" />
				<list_entry
					value="overhead"
					display_value="Catenary"
					fr.display_value="Caténaire" />
				<list_entry
					value="in_track"
					display_value="Buffer Stop"
					fr.display_value="Heurtoir" />
			</combo>
		</chunk>

		<chunk id="carre_plate_tags">
			<key key="railway:signal:main:plate" value="FR:NF" />
			<optional text="Plates">
				<combo
					key="railway:signal:main:plate:departure"
					text="Departure Plate"
					fr.text="Plaque de Départ"
					editable="false" icon_size="16">
					<list_entry
						value="yes"
						display_value="Half-white, Half-green"
						fr.display_value="Mi-blanche, Mi-verte"
						icon="icons/Plaque mi-blanche, mi-verte.svg" icon_size="16"/>
					<list_entry
						value="request"
						display_value="Departure Request"
						fr.display_value="Demande de Départ"
						icon="icons/Plaque de demande de départ.svg" icon_size="16"/>
				</combo>
				<combo
					key="railway:signal:main:plate:block"
					text="Block Plate"
					fr.text="Plaque de Cantonnement"
					editable="false" icon_size="16">
					<list_entry
						value="FR:BM" display_value="BM"
						short_description="Manual Block"
						fr.short_description="Block Manuel"
						icon="icons/Plaque de cantonnement BM.svg" icon_size="16"/>
					<list_entry
						value="FR:PR" display_value="PR"
						short_description="Automatic Block with Restricted Permissiveness"
						fr.short_description="Block Automatique à Permissivité Restreinte"
						icon="icons/Plaque de cantonnement PR.svg" icon_size="16"/>
				</combo>
				<text
					key="railway:signal:main:caption:block"
					text="Block Marker Text"
					fr.text="Intitulé du Cantonnement" />
				<text
					key="railway:signal:main:caption:marker"
					text="Marker Text"
					fr.text="Intitulé du Repérage" />
			</optional>
		</chunk>

		<group
			name="Carré"
			fr.name="Carré"
			icon="icons/C_Cible_C1.svg">

			<chunk id="carre_tags">
				<key key="railway:signal:main" value="FR:CARRE" />
				<reference ref="carre_plate_tags" />

				<optional text="Special Characteristics">

					<checkgroup columns="3">
						<check
							key="railway:signal:main:clearing_light"
							text="No Clearing Light"
							fr.text="Œilleton absent"
							value_off="" value_on="no" disable_off="true"/>
						<check
							key="railway:signal:main:short_route"
							text="Yellow Stripe"
							fr.text="Bande Jaune"
							disable_off="true"/>
						<check
							key="railway:signal:main:height"
							text="Dwarf"
							fr.text="Taille Réduite"
							value_on="dwarf" disable_off="true"/>
						<check
							key="railway:signal:main:deactivated"
							text="Deactivated"
							fr.text="Désactivé"
							disable_off="true"/>
					</checkgroup>

				</optional>

				<link wiki="OpenRailwayMap/Tagging_in_France#Carré" />
			</chunk>

			<item
				name="Cible C"
				fr.name="Cible C"
				icon="icons/C_Cible_C1.svg"
				type="node">
				<label
					text="Carré on C target"
					fr.text="Carré sur cible C" />
				<space />
				<key key="railway:signal:main:shape" value="FR:C" />
				<reference ref="common_tags" />
				<combo
					key="railway:signal:main:states"
					text="Target" fr.text="Cible"
					editable="false">
					<list_entry
						value="FR:C;FR:S;FR:(S);FR:M;FR:(M);FR:A;FR:(A);FR:VL;FR:(VL)"
						display_value="C1 (5 lights)"
						fr.display_value="C1 (5 feux)" />
					<list_entry
						value="FR:C;FR:S;FR:(S);FR:A;FR:(A);FR:VL;FR:(VL)"
						display_value="C3 (4 lights)"
						fr.display_value="C3 (4 feux)" />
				</combo>
				<reference ref="carre_tags" />
			</item>

			<item
				name="Cible F"
				fr.name="Cible F"
				type="node"
				icon="icons/C_Cible_F1.svg">
				<label
					text="Carré on F target"
					fr.text="Carré sur cible F" />
				<space />
				<key key="railway:signal:main:shape" value="FR:F" />
				<reference ref="common_tags" />
				<combo
					key="railway:signal:main:states"
					text="Target" fr.text="Cible"
					editable="false">
					<list_entry
						value="FR:C;FR:S;FR:(S);FR:M;FR:(M);FR:A;FR:(A);FR:R;FR:R+A;FR:R+(A);FR:(R);FR:(R)+A;FR:(R)+(A);FR:VL;FR:(VL)"
						display_value="F1 (7 lights)"
						fr.display_value="F1 (7 feux)" />
					<list_entry
						value="FR:C;FR:S;FR:(S);FR:A;FR:(A);FR:R;FR:R+A;FR:R+(A);FR:(R);FR:(R)+A;FR:(R)+(A);FR:VL;FR:(VL)"
						display_value="F3 (6 lights)"
						fr.display_value="F3 (6 feux)" />
				</combo>
				<reference ref="carre_tags" />
			</item>

			<item
				name="Cible H"
				fr.name="Cible H"
				type="node"
				icon="icons/C_Cible_H1.svg">
				<label
					text="Carré on H target"
					fr.text="Carré sur cible H" />
				<space />
				<key key="railway:signal:main:shape" value="FR:H" />
				<reference ref="common_tags" />
				<combo
					key="railway:signal:main:states"
					text="Target" fr.text="Cible"
					editable="false">
					<list_entry
						value="FR:C;FR:S;FR:(S);FR:M;FR:(M);FR:RR;FR:RR+A;FR:RR+(A);FR:(RR);FR:(RR)+A;FR:(RR)+(A);FR:A;FR:(A);FR:R;FR:R+A;FR:R+(A);FR:(R);FR:(R)+A;FR:(R)+(A);FR:VL;FR:(VL)"
						display_value="H1 (9 lights)"
						fr.display_value="H1 (9 feux)" />
					<list_entry
						value="FR:C;FR:S;FR:(S);FR:RR;FR:RR+A;FR:RR+(A);FR:(RR);FR:(RR)+A;FR:(RR)+(A);FR:A;FR:(A);FR:R;FR:R+A;FR:R+(A);FR:(R);FR:(R)+A;FR:(R)+(A);FR:VL;FR:(VL)"
						display_value="H3 (8 lights)"
						fr.display_value="H3 (8 feux)" />
					<list_entry
						value="FR:C;FR:S;FR:(S);FR:M;FR:(M);FR:RR;FR:RR+A;FR:RR+(A);FR:(RR);FR:(RR)+A;FR:(RR)+(A);FR:A;FR:(A);FR:VL;FR:(VL)"
						display_value="H4 (7 lights)"
						fr.display_value="H4 (7 feux)" />
					<list_entry
						value="FR:C;FR:S;FR:(S);FR:RR;FR:RR+A;FR:RR+(A);FR:(RR);FR:(RR)+A;FR:(RR)+(A);FR:A;FR:(A);FR:VL;FR:(VL)"
						display_value="H6 (6 lights)"
						fr.display_value="H6 (6 feux)" />
				</combo>
				<reference ref="carre_tags" />
			</item>

		</group>

		<group
			name="Carré violet"
			fr.name="Carré violet"
			icon="icons/Cv_Cible_A2.svg">

			<chunk id="cv_tags">
				<key key="railway:signal:main" value="FR:CV" />
				<reference ref="carre_plate_tags" />

				<optional text="Special Characteristics">
					<check
						key="railway:signal:main:deactivated"
						text="Deactivated"
						fr.text="Désactivé"
						disable_off="true"/>
				</optional>

				<link wiki="OpenRailwayMap/Tagging_in_France#Carré_violet" />
			</chunk>

			<!-- Cible A2 (2 feux) -->
			<item
				name="Cible A"
				fr.name="Cible A"
				type="node"
				icon="icons/Cv_Cible_A2.svg">
				<label
					text="Carré violet on A target"
					fr.text="Carré violet sur cible A" />
				<space />
				<key key="railway:signal:main:shape" value="FR:A" />
				<key key="railway:signal:main:states"
                    value="FR:CV;FR:M;FR:(M)" />
				<reference ref="common_tags" />
				<reference ref="cv_tags" />
			</item>

			<!-- Cible C2 (5 feux) -->
			<item
				name="Cible C"
				fr.name="Cible C"
				type="node"
				icon="icons/Cv_Cible_C2.svg">
				<label
					text="Carré violet on C target"
					fr.text="Carré violet sur cible C" />
				<space />
				<key key="railway:signal:main:shape" value="FR:C" />
				<key key="railway:signal:main:states"
                    value="FR:CV;FR:S;FR:(S);FR:M;FR:(M);FR:A;FR:(A);FR:VL;FR:(VL)" />
				<reference ref="common_tags" />
				<reference ref="cv_tags" />
			</item>

			<!-- Cibles F2, F4 -->
			<item
				name="Cible F"
				fr.name="Cible F"
				type="node"
				icon="icons/Cv_Cible_F2.svg">
				<label
					text="Carré violet on F target"
					fr.text="Carré violet sur cible F" />
				<space />
				<key key="railway:signal:main:shape" value="FR:F" />
				<reference ref="common_tags" />
				<combo
					key="railway:signal:main:states"
					text="Target" fr.text="Cible"
					editable="false">
					<list_entry
						value="FR:CV;FR:S;FR:(S);FR:M;FR:(M);FR:A;FR:(A);FR:R;FR:R+A;FR:R+(A);FR:(R);FR:(R)+A;FR:(R)+(A);FR:VL;FR:(VL)"
						display_value="F2 (7 lights)"
						fr.display_value="F2 (7 feux)" />
					<list_entry
						value="FR:CV;FR:S;FR:(S);FR:A;FR:(A);FR:R;FR:R+A;FR:R+(A);FR:(R);FR:(R)+A;FR:(R)+(A);FR:VL;FR:(VL)"
						display_value="F4 (6 lights)"
						fr.display_value="F4 (6 feux)" />
				</combo>
				<reference ref="cv_tags" />
			</item>

			<!-- Cibles H2, H5, H7 -->
			<item
				name="Cible H"
				fr.name="Cible H"
				type="node"
				icon="icons/Cv_Cible_H2.svg">
				<label
					text="Carré violet on H target"
					fr.text="Carré violet sur cible H" />
				<space />
				<key key="railway:signal:main:shape" value="FR:H" />
				<reference ref="common_tags" />
				<combo
					key="railway:signal:main:states"
					text="Target" fr.text="Cible"
					editable="false">
					<list_entry
						value="FR:CV;FR:S;FR:(S);FR:M;FR:(M);FR:RR;FR:RR+A;FR:RR+(A);FR:(RR);FR:(RR)+A;FR:(RR)+(A);FR:A;FR:(A);FR:R;FR:R+A;FR:R+(A);FR:(R);FR:(R)+A;FR:(R)+(A);FR:VL;FR:(VL)"
						display_value="H2 (9 feux)"
						fr.display_value="H2 (9 feux)" />
					<list_entry
						value="FR:CV;FR:S;FR:(S);FR:M;FR:(M);FR:RR;FR:RR+A;FR:RR+(A);FR:(RR);FR:(RR)+A;FR:(RR)+(A);FR:A;FR:(A);FR:VL;FR:(VL)"
						display_value="H5 (7 lights)"
						fr.display_value="H5 (7 feux)" />
					<list_entry
						value="FR:CV;FR:S;FR:(S);FR:RR;FR:RR+A;FR:RR+(A);FR:(RR);FR:(RR)+A;FR:(RR)+(A);FR:A;FR:(A);FR:VL;FR:(VL)"
						display_value="H7 (6 lights)"
						fr.display_value="H7 (6 feux)" />
				</combo>
				<reference ref="cv_tags" />
			</item>

			<item
				name="Cible K"
				fr.name="Cible K"
				type="node"
				icon="icons/Cv_Cible_K2.svg">
				<label
					text="Carré violet on K target"
					fr.text="Carré violet sur cible K" />
				<space />
				<key key="railway:signal:main" value="FR:CV" />
				<key key="railway:signal:main:plate" value="FR:NF" />
				<key key="railway:signal:main:shape" value="FR:K" />
				<key key="railway:signal:main:states" value="FR:CV;FR:M;FR:(M)" />

				<reference ref="common_tags" />
				<optional text="Special Characteristics">

					<checkgroup columns="3">
						<check
							key="railway:signal:location"
							text="At Ground Level"
							fr.text="Au Sol"
							value_on="ground" disable_off="true"/>

						<check
							key="railway:signal:main:deactivated"
							text="Deactivated"
							fr.text="Désactivé"
							disable_off="true"/>
					</checkgroup>
				</optional>
			</item>

		</group>

		<item
			name="Guidon d'Arrêt"
			fr.name="Guidon d'Arrêt"
			type="node"
			icon="icons/Guidon d'arrêt.svg">
			<label
				text="Guidon d'arrêt"
				fr.text="Guidon d'arrêt" />
			<space />
			<key key="railway:signal:main" value="FR:GA" />

			<reference ref="common_tags" />
			<optional>
				<text
					key="railway:signal:main:caption:marker"
					text="Marker Text"
					fr.text="Intitulé du Repérage" />
			</optional>
			
			<link wiki="OpenRailwayMap/Tagging_in_France#Guidon_d'arrêt" />
		</item>

		<separator />

		<group
			name="Sémaphore"
			fr.name="Sémaphore"
			icon="icons/S_Cible_A3.svg">

			<chunk id="semaphore_tags">
				<key key="railway:signal:main" value="FR:S"  />

				<optional text="Plates">

					<combo
						key="railway:signal:main:plate"
						text="Identification Plate"
						fr.text="Plaque d'Identification"
						editable="false" icon_size="16">
						<list_entry
							value="FR:F"
							display_value="F"
							short_description="Franchissable"
							fr.short_description="Franchissable"
							icon="icons/Plaque d'identification F.svg" icon_size="16"/>
						<list_entry
							value="FR:BM"
							display_value="BM"
							short_description="Manual Block"
							fr.short_description="Block Manuel"
							icon="icons/Plaque d'identification BM.svg" icon_size="16"/>
						<list_entry
							value="FR:PR"
							display_value="PR"
							short_description="Automatic Block with Restricted Permissiveness"
							fr.short_description="Block Automatique à Permissivité Restreinte"
							icon="icons/Plaque d'identification PR.svg" icon_size="16"/>
					</combo>
					<text
						key="railway:signal:main:caption:marker"
						text="Marker Text"
						fr.text="Intitulé du Repérage" />
				</optional>

				<optional text="Special Characteristics">
					<check
						key="railway:signal:main:deactivated"
						text="Deactivated"
						fr.text="Désactivé"
						disable_off="true"/>
				</optional>

				<link wiki="OpenRailwayMap/Tagging_in_France#Sémaphore" />
			</chunk>

			<!-- Cibles A1, A3 -->
			<item
				name="Cible A"
				fr.name="Cible A"
				type="node"
				icon="icons/S_Cible_A3.svg">
				<label
					text="Sémaphore on A target"
					fr.text="Sémaphore sur cible A" />
				<space />
				<key key="railway:signal:main:shape" value="FR:A" />
				<reference ref="common_tags" />
				<combo 
					key="railway:signal:main:states"
					text="Target" fr.text="Cible"
					editable="false">
					<list_entry
						value="FR:S;FR:(S);FR:A;FR:(A);FR:VL;FR:(VL)"
						display_value="A1 (3 lights)"
						fr.display_value="A1 (3 feux)" />
					<list_entry
						value="FR:S;FR:(S);FR:VL;FR:(VL)"
						display_value="A3 (2 lights)"
						fr.display_value="A3 (2 feux)" />
				</combo>
				<reference ref="semaphore_tags" />
			</item>

			<item
				name="Cible F"
				fr.name="Cible F"
				type="node"
				icon="icons/S_Cible_F5.svg">
				<label
					text="Sémaphore on F target"
					fr.text="Sémaphore sur cible F" />
				<space />
				<key key="railway:signal:main:shape" value="FR:F" />
				<key key="railway:signal:main:states"
                    value="FR:S;FR:(S);FR:A;FR:(A);FR:R;FR:R+A;FR:R+(A);FR:(R);FR:(R)+A;FR:(R)+(A);FR:VL;FR:(VL)" />
				<reference ref="common_tags" />
				<reference ref="semaphore_tags" />
			</item>

			<!-- K1 (2 feux) -->
			<item
				name="Cible K"
				fr.name="Cible K"
				type="node"
				icon="icons/S_Cible_K1.svg">
				<label
					text="Sémaphore on K target"
					fr.text="Sémaphore sur cible K" />
				<space />
				<key key="railway:signal:main:shape" value="FR:K" />
				<key key="railway:signal:main:states" value="FR:S;FR:(S);FR:VL" />
				<reference ref="common_tags" />
				<reference ref="semaphore_tags" />
			</item>

		</group>

		<separator />

		<chunk id="distant_tags">		
			<optional text="Plates">
				
				<text
					key="railway:signal:distant:caption:marker"
					text="Marker Text"
					fr.text="Intitulé du Repérage" />
			</optional>
			<optional text="Special Characteristics">

				<check key="railway:signal:distant:deactivated"
					text="Deactivated"
					fr.text="Annulé"
					disable_off="true"/>
			</optional>
		</chunk>

		<item
			name="Disque"
			fr.name="Disque"
			type="node"
			icon="icons/D_Cible_R6.svg">
			<label text="Disque" />
			<space />
			<key key="railway:signal:distant" value="FR:D" />
			<reference ref="common_tags" />
			<combo
				key="railway:signal:distant:states"
				text="Target"
				fr.text="Cible"
				editable="false">
				<list_entry
					value="FR:D;FR:VL;FR:(VL)"
					display_value="R3 (3 lights)"
					fr.display_value="R3 (3 feux)" />
				<list_entry
					value="FR:D;FR:A;FR:(A);FR:VL;FR:(VL)"
					display_value="R5 (4 lights)"
					fr.display_value="R5 (4 feux)" />
				<list_entry
					value="FR:D;FR:A;FR:(A);FR:R;FR:R+A;FR:R+(A);FR:(R);FR:(R)+A;FR:(R)+(A);FR:VL;FR:(VL)"
					display_value="R6 (6 lights)"
					fr.display_value="R6 (6 feux)" />
			</combo>
			<reference ref="distant_tags" />

			<link wiki="OpenRailwayMap/Tagging_in_France#Disque" />
		</item>

		<item
			name="Avertissement"
			fr.name="Avertissement"
			type="node"
			icon="icons/A_Cible_R6.svg">
			<label
				text="Avertissement"
				fr.text="Avertissement" />
			<space />
			<key key="railway:signal:distant" value="FR:A" />
			<reference ref="common_tags" />
			<combo
				key="railway:signal:distant:states"
				text="Target" fr.text="Cible"
				editable="false">
				<list_entry
					value="FR:A;FR:(A);FR:VL"
					display_value="R1 (2 lights)"
					fr.display_value="R1 (2 feux)" />
				<list_entry
					value="FR:A;FR:(A);FR:R;FR:R+A;FR:R+(A);FR:(R);FR:(R)+A;FR:(R)+(A)"
					display_value="R2 (3 lights)"
					fr.display_value="R2 (3 feux)" />
				<list_entry
					value="FR:A;FR:(A);FR:R;FR:R+A;FR:R+(A);FR:(R);FR:(R)+A;FR:(R)+(A);FR:VL;FR:(VL)"
					display_value="R4 (4 lights)"
					fr.display_value="R4 (4 feux)" />
			</combo>
			<reference ref="distant_tags" />

			<link wiki="OpenRailwayMap/Tagging_in_France#Avertissement" />
		</item>

		<separator />

		<group
			name="Speed Limits"
			fr.name="Limitations de Vitesse"
			icon="icons/TIV-D_MOB.svg">

			<chunk id="crocodile_tags">
				<optional>
					<check
						key="railway:crocodile"
						text="Crocodile"
						fr.text="Crocodile"
						default="on" disable_off="true" />
				</optional>
			</chunk>

			<group
				name="Mobile Speed Indicators"
				fr.name="TIV Mobiles"
				icon="icons/TIV-D_MOB.svg">

				<item
					name="Mobile TIV-D"
					fr.name="TIV-D Mobile"
					type="node"
					icon="icons/TIV-D_MOB.svg">
					<label
						text="Mobile TIV-D"
						fr.text="TIV-D Mobile" />
					<space />
					<key key="railway:signal:speed_limit_distant" value="FR:TIV-D_MOB" />
					<key key="railway:signal:speed_limit_distant:states" value="open;closed" />
					<reference ref="common_tags" />
					<combo
						key="railway:signal:speed_limit_distant:form"
						text="Signal Form"
						fr.text="Forme du Signal"
						editable="false" icon_size="16">
						<list_entry
							value="sign"
							display_value="Mechanical"
							fr.display_value="Mécanique"
							icon="icons/TIV-D_MOB.svg" icon_size="16"/>
						<list_entry
							value="light"
							display_value="Luminous"
							fr.display_value="Lumineux"
							icon="icons/TIV-D_MOB_Caisson.svg" icon_size="16"/>
					</combo>
					<combo
						key="railway:signal:speed_limit_distant:speed"
						text="Speed Limit (km/h)"
						fr.text="Vitesse Limite (km/h)"
						values="30,40,50,60,80,100,120,160,180,200,220"
						editable="false"/>
					<reference ref="crocodile_tags" />

					<link wiki="OpenRailwayMap/Tagging_in_France#Mobile_distant_TIV_board" />
				</item>

				<item
					name="Mobile TIV-R"
					fr.name="TIV-R Mobile"
					type="node"
					icon="icons/TIV-R_MOB.svg">
					<label
						text="Mobile TIV-R"
						fr.text="TIV-R Mobile" />
					<space />
					<key key="railway:signal:speed_limit_reminder" value="FR:TIV-R_MOB" />
					<key key="railway:signal:speed_limit_reminder:states" value="open;closed" />

					<reference ref="common_tags" />
					<combo
						key="railway:signal:speed_limit_reminder:form"
						text="Display Type"
						fr.text="Type d'Affichage"
						editable="false" icon_size="16">
						<list_entry
							value="sign"
							display_value="Mechanical"
							fr.display_value="Mécanique"
							icon="icons/TIV-R_MOB.svg" icon_size="16"/>
						<list_entry
							value="light"
							display_value="Luminous"
							fr.display_value="Lumineux"
							icon="icons/TIV-R_MOB_Caisson.svg" icon_size="16"/>
					</combo>
					<combo
						key="railway:signal:speed_limit_reminder:speed"
						text="Speed Limit (km/h)"
						fr.text="Vitesse Limite (km/h)"
						values="30,40,50,60,80,100,120,160,180,200,220"
						editable="false"/>

					<link wiki="OpenRailwayMap/Tagging_in_France#Mobile_reminder_TIV_board" />
				</item>

			</group>

			<group
				name="Fixed Speed Indicators"
				fr.name="TIV Fixes"
				icon="icons/TIV-D_FIXE.svg">

				<chunk id="speed_indicator_display_tags">
					<combo
						key="railway:signal:speed_limit_distant:form"
						text="Display Type"
						fr.text="Type d'Affichage"
						editable="false">
						<list_entry
							value="sign"
							display_value="Reflectorized"
							fr.display_value="Réflectorisé" />
						<list_entry
							value="light"
							display_value="Lit at night"
							fr.display_value="Éclairé la nuit" />
					</combo>
				</chunk>

				<item
					name="Ordinary-type TIV-D"
					fr.name="TIV-D du Type Ordinaire"
					type="node"
					icon="icons/TIV-D_FIXE.svg">
					<label
						text="Fixed distant speed indicator of the ordinary type"
						fr.text="TIV fixe à distance du type ordinaire" />
					<space />
					<key key="railway:signal:speed_limit_distant" value="FR:TIV-D_FIXE" />

					<reference ref="common_tags" />
					<reference ref="speed_indicator_display_tags" />
					<combo
						key="railway:signal:speed_limit_distant:shape"
						text="Signal Shape" 
						fr.text="Forme Géométrique"
						editable="false">
						<list_entry
							value="square"
							display_value="Square"
							fr.display_value="Carré" />
						<list_entry
							value="diamond"
							display_value="Diamond"
							fr.display_value="Losange" />
					</combo>
					<combo
						key="railway:signal:speed_limit_distant:speed"
						text="Speed limit (km/h)"
						fr.text="Vitesse limite (km/h)"
						values="30,40,50,60,80,100,120,160,180,200,220"
						editable="false"/>
					<reference ref="crocodile_tags" />

					<link wiki="OpenRailwayMap/Tagging_in_France#Fixed_distant_TIV_board_(Ordinary_type)" />
				</item>

				<item
					name="Z Sign" 
					fr.name="Pancarte Z"
					type="node" 
					icon="icons/Pancarte Z.svg">
					<label
						text="Z Sign"
						fr.text="Pancarte Z" />
					<space />
					<key key="railway:signal:speed_limit" value="FR:Z" />
					<key key="railway:signal:speed_limit:function" value="entry" />
					<reference ref="common_tags" />

					<link wiki="OpenRailwayMap/Tagging_in_France#Fixed_distant_TIV_board_(Ordinary_type)" />
				</item>

				<item
					name="R Sign" fr.name="Pancarte R"
					type="node" icon="icons/Pancarte R.svg">
					<label
						text="R board"
						fr.text="Tableau R" />
					<space />
					<key key="railway:signal:speed_limit" value="FR:R" />
					<key key="railway:signal:speed_limit:function" value="exit" />
					<key key="railway:signal:speed_limit:speed" value="none" />
					<reference ref="common_tags" />

					<link wiki="OpenRailwayMap/Tagging_in_France#Fixed_distant_TIV_board_(Ordinary_type)" />
				</item>

				<separator />

				<item
					name="B-type TIV-D"
					fr.name="TIV-D du Type B"
					type="node"
					icon="icons/TIV-D_B_FIXE.svg">
					<label
						text="B-type fixed distant speed indicator"
						fr.text="TIV fixe à distance du type B" />
					<space />
					<key key="railway:signal:speed_limit_distant" value="FR:TIV-D_B_FIXE" />
					<key key="railway:signal:speed_limit_distant:type" value="FR:B" />

					<reference ref="common_tags" />
					<reference ref="speed_indicator_display_tags" />
					<combo
						key="railway:signal:speed_limit_distant:speed"
						text="Speed limit (km/h)"
						fr.text="Vitesse limite (km/h)"
						values="30,40,50,60,80,100,120,160,180,200,220"
						editable="false"/>

					<link wiki="OpenRailwayMap/Tagging_in_France#Fixed_distant_TIV_board_(B_type)" />
				</item>

				<item
					name="C-type TIV-D"
					fr.name="TIV-D du Type C"
					type="node"
					icon="icons/TIV-D_C_FIXE.svg">
					<label
						text="C-type fixed distant speed indicator"
						fr.text="TIV fixe à distance du type C" />
					<space />
					<key key="railway:signal:speed_limit_distant" value="FR:TIV-D_C_FIXE" />
					<key key="railway:signal:speed_limit_distant:type" value="FR:C" />
					<reference ref="common_tags" />
					<combo
						key="railway:signal:speed_limit_distant:speed"
						text="Speed Limit (km/h)"
						fr.text="Vitesse Limite (km/h)"
						values="30,40,50,60,80,100,120,160,180,200,220"
						editable="false"/>

					<link wiki="OpenRailwayMap/Tagging_in_France#Fixed_distant_TIV_board_(C_type)" />
				</item>

			</group>

			<item
				name="P Board" 
				fr.name="Tableau P"
				type="node" 
				icon="icons/Tableau P.svg">
				<label 
					text="P Board (Speed Limit Announcement)" 
					fr.text="Tableau P (Annonce de limitation de vitesse)" />
				<space />
				<key key="railway:signal:speed_limit_distant" value="FR:P" />
				<key key="railway:crocodile" value="yes" />
				<reference ref="common_tags" />

				<link wiki="OpenRailwayMap/Tagging_in_France#Speed_limit_announcement_(P_board)" />
			</item>

			<separator />

			<group
				name="Pentagonal Speed Indicators"
				fr.name="TIV Pentagonaux"
				icon="icons/TIV_PENEXE.svg">

				<item
					name="Distant TIV board"
					fr.name="TIV à Distance"
					type="node"
					icon="icons/TIV_PENDIS.svg">
					<label
						text="Pentagonal distant speed indicator"
						fr.text="TIV à distance de forme pentagonale" />
					<space />
					<key key="railway:signal:speed_limit_distant" value="FR:TIV_PENDIS" />
					<reference ref="common_tags" />
					<combo
						key="railway:signal:speed_limit_distant:speed"
						text="Speed Limit (km/h)"
						fr.text="Vitesse Limite (km/h)"
						values="10,20,30,40,50,60,80"
						editable="false"/>
					<optional>
						<check
							key="railway:signal:speed_limit_distant:plate"
							text="For certain locomotive series"
							fr.text="Pour certaines séries de locomotives"
							value_on="FR:L" disable_off="true" />
					</optional>
					
					<link wiki="OpenRailwayMap/Tagging_in_France#Pentagonal_distant_TIV_board" />
				</item>

				<item
					name="Execution TIV board"
					fr.name="TIV d'Exécution"
					type="node"
					icon="icons/TIV_PENEXE.svg">
					<label
						text="Pentagonal execution speed indicator"
						fr.text="TIV d'exécution de forme pentagonale" />
					<space />
					<key key="railway:signal:speed_limit" value="FR:TIV_PENEXE" />
					<key key="railway:signal:speed_limit:function" value="entry" />
					<reference ref="common_tags" />
					<combo
						key="railway:signal:speed_limit:speed"
						text="Speed Limit (km/h)"
						fr.text="Vitesse Limite (km/h)"
						values="30,40,50,60,80,100,120,160,180,200,220"
						editable="false"/>
					
					<link wiki="OpenRailwayMap/Tagging_in_France#Pentagonal_execution_TIV_board" />
				</item>

				<item
					name="White board"
					fr.name="TIV de Reprise"
					type="node"
					icon="icons/TIV_PENREP.svg">
					<label
						text="Pentagonal resumption speed indicator"
						fr.text="TIV de reprise de forme pentagonale" />
					<space />
					<key key="railway:signal:speed_limit" value="FR:TIV_PENREP" />
					<key key="railway:signal:speed_limit:function" value="exit" />
					<key key="railway:signal:speed_limit:speed" value="none" />
					<reference ref="common_tags" />

					<link wiki="OpenRailwayMap/Tagging_in_France#Pentagonal_white_board" />
				</item>

			</group>

			<item
				name="Speed Marker" 
				fr.name="Repère de Vitesse"
				type="node" icon="icons/Pancarte Km.svg">
				<label
					text="Speed Marker"
					fr.text="Repère de Vitesse" />
				<space />
				<key key="railway:signal:speed_limit" value="FR:REP_VITESSE" />
				<reference ref="common_tags" />
				<combo
					key="railway:signal:speed_limit:function"
					text="Signal Function"
					fr.text="Fonction du signal"
					editable="false"
					values_sort="false">
					<list_entry
						value="entry"
						display_value="Entry Signal"
						fr.display_value="Début de Parcours" />
					<list_entry
						value="exit"
						display_value="Exit Signal"
						fr.display_value="Fin de Parcours" />
				</combo>

				<link wiki="OpenRailwayMap/Tagging_in_France#Speed_marker_(Km_sign)" />
			</item>

		</group>

		<group
			name="Chevrons"
			fr.name="Chevrons"
			icon="icons/Chevron pointe en bas.svg">

			<item
				name="Downward-pointing Chevron"
				fr.name="Chevron Pointe en Bas"
				type="node" 
				icon="icons/Chevron pointe en bas.svg">
				<label
					text="Downward-pointing chevron"
					fr.text="Chevron pointe en bas" />
				<space />
				<key key="railway:signal:speed_limit" value="FR:CHEVRON_BAS" />
				<key key="railway:signal:speed_limit:type" value="downwards" />
				<reference ref="common_tags" />

				<link wiki="OpenRailwayMap/Tagging_in_France#Chevrons" />
			</item>

			<item
				name="Upward-pointing Chevron"
				fr.name="Chevron Pointe en Haut"
				type="node" 
				icon="icons/Chevron pointe en haut.svg">
				<label
					text="Upward-pointing chevron"
					fr.text="Chevron pointe en haut" />
				<space />
				<key key="railway:signal:shunting" value="FR:CHEVRON_HAUT" />
				<key key="railway:signal:shunting:type" value="upwards" />
				<reference ref="common_tags" />

				<link wiki="OpenRailwayMap/Tagging_in_France#Upward-pointing_chevrons" />
			</item>

		</group>

		<separator  />

		<group
			name="Route Indicators"
			fr.name="Indicateurs de Direction"
			icon="icons/Indicateur 3 directions.svg">

			<item
				name="ID" fr.name="ID"
				type="node"
				icon="icons/Indicateur 3 directions.svg">
				<label
					text="Route Indicator"
					fr.text="Indicateur de Directions" />
				<space />
				<key key="railway:signal:route" value="FR:ID" />
				<reference ref="common_tags" />
				<combo
					key="railway:signal:route:states"
					text="Number of Directions"
					fr.text="Nombre de Directions"
					editable="false">
					<list_entry
						value="FR:D1;FR:D2"
						display_value="2 Directions"
						fr.display_value="2 Directions" />
					<list_entry
						value="FR:D1;FR:D2;FR:D3"
						display_value="3 Directions"
						fr.display_value="3 Directions" />
					<list_entry
						value="FR:D1;FR:D2;FR:D3;FR:D4"
						display_value="4 Directions"
						fr.display_value="4 Directions" />
					<list_entry
						value="FR:D1;FR:D2;FR:D3;FR:D4;FR:D5"
						display_value="5 Directions"
						fr.display_value="5 Directions" />
				</combo>

				<link wiki="OpenRailwayMap/Tagging_in_France#Indicateur_de_Direction" />
			</item>

			<item
				name="TIDD"
				fr.name="TIDD"
				type="node"
				icon="icons/TIDD.svg">
				<label
					text="Tableau Indicateur de Direction à Distance (TIDD)"
					fr.text="Tableau Indicateur de Direction à Distance (TIDD)" />
				<space />
				<key key="railway:signal:route_distant" value="FR:TIDD" />
				<key key="railway:signal:route_distant:states" value="off;left;right" />
				<reference ref="common_tags" />

				<link wiki="OpenRailwayMap/Tagging_in_France#Tableau Indicateur_de_Direction_à_Distance" />
			</item>

		</group>

		<group
			name="Branch lines"
			fr.name="Embranchements"
			icon="icons/Tableau BIF.svg">

			<item
				name="BIF Board"
				fr.name="Tableau BIF"
				type="node"
				icon="icons/Tableau BIF.svg">
				<label
					text="BIF Board"
					fr.text="Tableau BIF" />
				<space />
				<key key="railway:signal:route_distant" value="FR:BIF" />
				<reference ref="common_tags" />

				<link wiki="OpenRailwayMap/Tagging_in_France#Branch_lines" />
			</item>

			<item
				name="Y Board"
				fr.name="Tableau Y"
				type="node"
				icon="icons/Tableau Y.svg">
				<label
					text="Y Board"
					fr.text="Tableau Y" />
				<space />
				<key key="railway:signal:route_distant" value="FR:Y" />
				<reference ref="common_tags" />

				<link wiki="OpenRailwayMap/Tagging_in_France#Branch_lines" />
			</item>

		</group>

		<separator />

		<group
			name="Cab Signalling"
			fr.name="Signalisation en Cabine"
			icon="icons/Tableau de rappel CAB.svg">

			<item
				name="Distant Signal"
				fr.name="Signal à Distance"
				type="node"
				icon="icons/Tableau d'entrée CAB.svg">
				<label
					text="Advance signal for cabin signalling"
					fr.text="Annonce d'une ligne à signalisation de cabine" />
				<space />
				<key key="railway:signal:train_protection" value="FR:CAB_E" />
				<reference ref="common_tags" />

				<link wiki="OpenRailwayMap/Tagging_in_France#CAB_boards" />
			</item>

			<item
				name="Entry Signal"
				fr.name="Signal d'Entrée"
				type="node"
				icon="icons/Tableau de rappel CAB.svg">
				<label
					text="Cab signalling entry signal"
					fr.text="Entrée d'une ligne à signalisation de cabine" />
				<space />
				<key key="railway:signal:train_protection" value="FR:CAB_R" />
				<key key="railway:signal:train_protection:function" value="entry" />
				<reference ref="common_tags" />

				<link wiki="OpenRailwayMap/Tagging_in_France#CAB_boards" />
			</item>

			<item
				name="Exit Signal"
				fr.name="Signal de Sortie"
				type="node"
				icon="icons/Tableau de sortie CAB.svg">
				<label
					text="Cab signalling exit signal"
					fr.text="Sortie d'une ligne à signalisation de cabine" />
				<space />
				<key key="railway:signal:train_protection" value="FR:CAB_S" />
				<key key="railway:signal:train_protection:function" value="exit" />
				<reference ref="common_tags" />

				<link wiki="OpenRailwayMap/Tagging_in_France#CAB_boards" />
			</item>

			<separator />

			<item
				name="Block Marker"
				fr.name="Repère de Canton"
				type="node"
				icon="icons/Repère TVM.svg">
				<label
					text="Block marker"
					fr.text="Repère de canton" />
				<space />
				<reference ref="common_tags" />
				<combo
					key="railway:signal:train_protection"
					text="System"
					fr.text="Système"
					editable="false" icon_size="16">
					<list_entry
						value="FR:REP_TVM"
						display_value="TVM"
						fr.display_value="TVM"
						short_description="Transmission Voie-Machine (TVM)"
						fr.short_description="Transmission Voie-Machine (TVM)"
						icon="icons/Repère TVM.svg" icon_size="16"/>
					<list_entry
						value="FR:REP_ETCS"
						display_value="ETCS"
						fr.display_value="ETCS"
						short_description="European Train Control System (ETCS)"
						fr.short_description="European Train Control System (ETCS)"
						icon="icons/Repère ETCS.svg" icon_size="16"/>
					<list_entry
						value="FR:REP_ETSC;FR:REP_TVM"
						display_value="Both ETCS and TVM"
						fr.display_value="ETCS et TVM" icon_size="16"/>
				</combo>
				<key key="railway:signal:train_protection:function" value="Block marker" />

				<link wiki="OpenRailwayMap/Tagging_in_France#Block markers" />
			</item>

			<item
				name="Shunting Marker"
				fr.name="Jalon de Manœuvre"
				type="node"
				icon="icons/Jalon de manœuvre.svg">
				<label
					text="Shunting marker"
					fr.text="Jalon de manœuvre" />
				<space />
				<key key="railway:signal:shunting" value="FR:JAL_MAN" />
				<reference ref="common_tags" />

				<link wiki="OpenRailwayMap/Tagging_in_France#Shunting_markers" />
			</item>

		</group>

		<group
			name="Wrong-direction Signalling"
			fr.name="Contresens (IPCS)"
			icon="icons/TECS.svg">

			<item
				name="Entry Board"
				fr.name="Tableau d'Entrée"
				type="node"
				icon="icons/TECS.svg">
				<label
					text="Wrong-direction entry board"
					fr.text="Tableau d'Entrée de Contresens" />
				<space />
				<key key="railway:signal:train_protection" value="FR:TECS" />
				<key key="railway:signal:train_protection:function" value="entry" />
				<reference ref="common_tags" />

				<link wiki="OpenRailwayMap/Tagging_in_France#Wrong-direction_signalling" />
			</item>

			<item
				name="Exit Board"
				fr.name="Tableau de Sortie"
				type="node"
				icon="icons/TSCS.svg">
				<label
					text="Wrong-direction exit board"
					fr.text="Tableau de Sortie de Contresens" />
				<space />
				<key key="railway:signal:train_protection" value="FR:TSCS" />
				<key key="railway:signal:train_protection:function" value="exit" />
				<reference ref="common_tags" />

				<link wiki="OpenRailwayMap/Tagging_in_France#Wrong-direction_signalling" />
			</item>

		</group>

		<group
			name="Electrified Railway Lines"
			fr.name="Lignes Électrifiées"
			icon="icons/CC_EXE.svg">

			<chunk id="electricity_form_tags">
				<combo
					key="railway:signal:electricity:form"
					text="Display Type"
					fr.text="Type d'Affichage"
					editable="false">
					<list_entry
						value="sign"
						display_value="Mechanical"
						fr.display_value="Mécanique"/>
					<list_entry
						value="light"
						display_value="Luminous"
						fr.display_value="Lumineux"/>
				</combo>
			</chunk>

			<chunk id="traction_supply_tags">
				<optional text="Traction Supply">
					<combo
						key="railway:signal:electricity:voltage"
						text="Voltage (V)"
						fr.text="Tension (V)"
						values="1500,25000"
						display_values="1500 (DC),25000"
						fr.display_values="1500 (CC),15000,25000"
						editable="false"/>
					<combo
						key="railway:signal:electricity:frequency"
						text="Frequency (Hz)"
						fr.text="Fréquence (Hz)"
						values="0,50"
						display_values="DC,50"
						fr.display_values="CC,50"
						editable="false"/>
				</optional>
			</chunk>

			<group
				name="Neutral Section"
				fr.name="Zone de Sectionnement"
				icon="icons/CC_EXE.svg">

				<item
					name="Advance Sign"
					fr.name="Pancarte à Distance"
					type="node"
					icon="icons/Pancarte SECT.svg">
					<label
						text="Advance sign for neutral section"
						fr.text="Pancarte d'annonce d'une zone de sectionnement" />
					<space />
					<key key="railway:signal:electricity" value="FR:SECT" />
					<key key="railway:signal:electricity:type" value="power_off_advance" />
					<reference ref="common_tags" />
					<text
						key="railway:signal:electricity:caption"
						text="Sign Text"
						fr.text="Intitulé de la pancarte" />

					<link wiki="OpenRailwayMap/Tagging_in_France#Advance_sign_for_neutral_section" />
				</item>

				<item
					name="Execution Signal"
					fr.name="Signal d'Exécution"
					type="node"
					icon="icons/CC_EXE.svg">
					<label
						text="Neutral section execution signal"
						fr.text="Signal d'exécution &quot;Coupez Courant&quot;" />
					<space />
					<key key="railway:signal:electricity" value="FR:CC_EXE" />
					<key key="railway:signal:electricity:type" value="power_off" />
					<key key="railway:signal:electricity:function" value="entry" />
					<reference ref="common_tags" />
					<reference ref="electricity_form_tags" />

					<link wiki="OpenRailwayMap/Tagging_in_France#Neutral_section_execution_signal" />
				</item>

				<item
					name="End Signal"
					fr.name="Signal de Fin de Parcours"
					type="node"
					icon="icons/CC_FIN.svg">
					<label
						text="Neutral section end signal"
						fr.text="Signal de fin de parcours &quot;Coupez Courant&quot;" />
					<space />
					<key key="railway:signal:electricity" value="FR:CC_FIN" />
					<key key="railway:signal:electricity:type" value="power_on" />
					<key key="railway:signal:electricity:function" value="exit" />
					<reference ref="common_tags" />
					<reference ref="electricity_form_tags" />
					<reference ref="traction_supply_tags" />

					<link wiki="OpenRailwayMap/Tagging_in_France#Neutral_section_end_signal" />
				</item>

				<separator />

				<item
					name="REV Sign"
					fr.name="Pancarte REV"
					type="node"
					icon="icons/Pancarte REV.svg">
					<label
						text="REV sign (end of neutral section for reversible trains)"
						fr.text="Pancarte REV" />
					<space />
					<key key="railway:signal:electricity" value="FR:REV" />
					<key key="railway:signal:electricity:type" value="power_on" />
					<key key="railway:signal:electricity:function" value="exit" />
					<reference ref="common_tags" />
					<reference ref="traction_supply_tags" />

					<link wiki="OpenRailwayMap/Tagging_in_France#REV_Sign" />
				</item>

			</group>

			<group
				name="Pantograph Down"
				fr.name="Baissez Panto"
				icon="icons/BP_EXE.svg">

				<item
					name="Advance Signal"
					fr.name="Signal à Distance"
					type="node"
					icon="icons/BP_DIS.svg">
					<label
						text="Pantograph down advance signal"
						fr.text="Signal à distance &quot;Baissez panto&quot;" />
					<space />
					<key key="railway:signal:electricity" value="FR:BP_DIS" />
					<key key="railway:signal:electricity:type" value="pantograph_down_advance" />
					<reference ref="common_tags" />
					<reference ref="electricity_form_tags" />

					<link wiki="OpenRailwayMap/Tagging_in_France#Pantograph_down_advance_signal" />
				</item>

				<item
					name="Execution Signal"
					fr.name="Signal d'Exécution"
					type="node"
					icon="icons/BP_EXE.svg">
					<label
						text="Pantograph down execution signal"
						fr.text="Signal d'exécution &quot;Baissez panto&quot;" />
					<space />
					<key key="railway:signal:electricity" value="FR:BP_EXE" />
					<key key="railway:signal:electricity:type" value="pantograph_down" />
					<key key="railway:signal:electricity:function" value="entry" />
					<reference ref="common_tags" />
					<reference ref="electricity_form_tags" />
					<reference ref="traction_supply_tags" />

					<link wiki="OpenRailwayMap/Tagging_in_France#Pantograph_down_execution_signal" />
				</item>

				<item
					name="End Signal"
					fr.name="Signal de Fin de Parcours"
					type="node"
					icon="icons/BP_FIN.svg">
					<label
						text="Pantograph down end signal"
						fr.text="Signal de fin de parcours &quot;Baissez panto&quot;" />
					<space />
					<key key="railway:signal:electricity" value="FR:BP_FIN" />
					<key key="railway:signal:electricity:type" value="pantograph_up" />
					<key key="railway:signal:electricity:function" value="exit" />
					<reference ref="common_tags" />
					<reference ref="electricity_form_tags" />
					<reference ref="traction_supply_tags" />

					<link wiki="OpenRailwayMap/Tagging_in_France#Pantograph_down_end_signal" />
				</item>

				<separator />

				<group
					name="Dual-Mode Traffic"
					fr.name="Circulations Bimode"
					icon="icons/Pancarte Bimode.svg">

					<item
						name="Entry Sign"
						fr.name="Début de Parcours"
						type="node"
						icon="icons/Pancarte Bimode vers.svg">
						<label
							text="Entering dual-mode operation zone"
							fr.text="Pancarte Début de circulation bimode" />
						<space />
						<key key="railway:signal:dual_mode" value="FR:BIMODE_VERS" />
						<reference ref="common_tags" />
						<text key="railway:signal:dual_mode:caption"
							  text="Sign Text"
							  fr.text="Intitulé de la Pancarte"/>
						<key key="railway:signal:dual_mode:function" value="entry" />

						<link wiki="OpenRailwayMap/Tagging_in_France#Dual-mode_traffic" />
					</item>

					<item
						name="Exit Sign"
						fr.name="Fin de Parcours"
						type="node"
						icon="icons/Pancarte Bimode.svg">
						<label
							text="Exiting dual-mode operation zone"
							fr.text="Pancarte Fin de circulation bimode" />
						<space />
						<key key="railway:signal:dual_mode" value="FR:BIMODE" />
						<key key="railway:signal:dual_mode:function" value="exit" />
						<reference ref="common_tags" />

						<link wiki="OpenRailwayMap/Tagging_in_France#Dual-mode_traffic" />
					</item>

				</group>

			</group>

			<separator />

			<item
				name="End of Catenary"
				fr.name="Fin de Caténaire"
				type="node"
				icon="icons/Fin de caténaire.svg">
				<label
					text="End of Catenary"
					fr.text="Fin de Caténaire" />
				<space />
				<key key="railway:signal:electricity" value="FR:FIN_CAT" />
				<key key="railway:signal:electricity:type" value="end_of_catenary" />
				<key key="railway:signal:position" value="overhead" />
				<reference ref="common_tags" />

				<link wiki="OpenRailwayMap/Tagging_in_France#End_of_catenary" />
			</item>

			<item
				name="Stop Marker"
				fr.name="Jalon d'Arrêt"
				type="node"
				icon="icons/Jalon à damier bleu et blanc.svg">
				<label
					text="Blue and white checkered stop marker"
					fr.text="Jalon d'arrêt à damier bleu et blanc" />
				<space />
				<key key="railway:signal:electricity" value="FR:JAL_ARRET_E" />
				<reference ref="common_tags" />

				<link wiki="OpenRailwayMap/Tagging_in_France#Stop_markers" />
			</item>
		</group>

		<separator />

		<group
			name="Stations and Facilities"
			fr.name="Gares et Établissements"
			icon="icons/Pancarte Gare.svg">

			<!-- VUSS -->
			<item
				name="Station Sign"
				fr.name="Pancarte Gare"
				type="node" icon="icons/Pancarte Gare.svg">
				<label
					text="Station Sign"
					fr.text="Pancarte Gare" />
				<space />
				<key key="railway:signal:station_distant" value="FR:GARE" />
				<reference ref="common_tags" />

				<link wiki="OpenRailwayMap/Tagging_in_France#Stations" />
			</item>

			<group
				name="Facilities"
				fr.name="Établissements"
				icon="icons/Limite d'établissement.svg">

				<chunk id="facility_tags">
					<reference ref="common_tags" />
					<link wiki="OpenRailwayMap/Tagging_in_France#Facilities" />
				</chunk>

				<item
					name="Approaching a Facility"
					fr.name="Approche d'un Établissement"
					type="node" icon="icons/APPROCHE_ETS_A.svg">
					<label
						text="Approaching a Facility"
						fr.text="Approche d'un Établissement" />
					<space />
					<reference ref="facility_tags" />
					<key key="railway:signal:station_distant" value="FR:APPROCHE_ETS_A" />
					<text 
						key="railway:signal:station_distant:caption"
						text="Sign Text"
						fr.text="Intitulé de la pancarte" />
				</item>

				<!-- VUSS -->
				<item
					name="Approaching a Facility (VUSS)"
					fr.name="Approche d'un Établissement (VUSS)"
					type="node" 
					icon="icons/APPROCHE_ETS.svg">
					<label
						text="Approaching a Facility"
						fr.text="Approche d'un Établissement" />
					<space />
					<reference ref="facility_tags" />
					<key key="railway:signal:station_distant" value="FR:APPROCHE_ETS" />
				</item>

				<item
					name="Facility Boundary"
					fr.name="Limite d'un Établissement"
					type="node" 
					icon="icons/Limite d'établissement.svg">
					<label
						text="Facility boundary"
						fr.text="Limite d'un établissement" />
					<space />
					<reference ref="facility_tags" />
					<key key="railway:signal:station" value="FR:LIMITE_ETS" />
				</item>

			</group>

			<group
				name="Stops"
				fr.name="Arrêts"
				icon="icons/Pancarte à distance STOP.svg">

				<chunk id="stop_tags">
					<reference ref="common_tags" />
					<link wiki="OpenRailwayMap/Tagging_in_France#Stops" />
				</chunk>

				<item
					name="Advance sign for Arrêt"
					fr.name="Pancarte à Distance Arrêt"
					type="node" 
					icon="icons/Pancarte à distance Arrêt.svg">
					<label
						text="Advance sign for &quot;Arrêt&quot;"
						fr.text="Pancarte à distance &quot;Arrêt ...m&quot;" />
					<space />
					<reference ref="stop_tags" />
					<key key="railway:signal:stop" value="FR:ARRET_A" />
					<text
						key="railway:signal:stop:caption"
						text="Sign Text"
						fr.text="Intitulé de la pancarte" />
				</item>

				<item
					name="Arrêt Board"
					fr.name="Tableau Arrêt"
					type="node" icon="icons/Tableau Arrêt.svg">
					<label
						text="Arrêt board"
						fr.text="Tableau Arrêt" />
					<space />
					<!-- TODO: support both board and sign -->
					<reference ref="stop_tags" />
					<key key="railway:signal:stop" value="FR:ARRET" />
				</item>

				<item
					name="ATC Sign (work trains)"
					fr.name="Pancarte ATC"
					type="node" icon="icons/Pancarte ATC.svg">
					<label
						text="Stop sign for work trains)"
						fr.text="Pancarte Arrêt des trains du chantier" />
					<space />
					<reference ref="stop_tags" />
					<key key="railway:signal:stop" value="FR:ATC" />
				</item>

				<separator />

				<item
					name="Advance sign for STOP"
					fr.name="Pancarte à Distance STOP"
					type="node" 
					icon="icons/Pancarte à distance STOP.svg">
					<label
						text="Advance sign for &quot;STOP&quot;"
						fr.text="Pancarte à distance STOP" />
					<space />
					<reference ref="stop_tags" />
					<key key="railway:signal:stop" value="FR:STOP_A" />
					<text
						key="railway:signal:stop:caption"
						text="Sign Text"
						fr.text="Intitulé de la pancarte" />
				</item>

				<item
					name="STOP Sign"
					fr.name="Pancarte STOP"
					type="node" icon="icons/Pancarte STOP.svg">
					<label
						text="STOP Sign"
						fr.text="Pancarte STOP" />
					<space />
					<reference ref="stop_tags" />
					<key key="railway:signal:stop" value="FR:STOP" />
				</item>

				<separator />

				<item
					name="Stop Marker"
					fr.name="Jalon d'Arrêt"
					type="node" icon="icons/Jalon d'arrêt.svg">
					<label
						text="Red and white checkered Stop marker"
						fr.text="Jalon d'arrêt à damier rouge et blanc" />
					<space />
					<reference ref="stop_tags" />
					<key key="railway:signal:shunting" value="FR:JAL_ARRET" />
				</item>

			</group>

			<group
				name="Passenger Stops"
				fr.name="Arrêts Voyageurs"
				icon="icons/Pancarte TT.svg">

				<chunk id="passenger_stop_tags">
					<reference ref="common_tags" />
					<link wiki="OpenRailwayMap/Tagging_in_France#Passenger_stops" />
				</chunk>

				<item 
					name="TT" 
					type="node" 
					icon="icons/Pancarte TT.svg">
					<label 
						text="Passenger Stop: Head of Train"
						fr.text="Arrêt voyageurs : Tête de Train" />
					<space />
					<reference ref="passenger_stop_tags" />
					<key key="railway:signal:stop" value="FR:ARRET_TT" />
				</item>

				<item 
					name="TTL" 
					type="node" 
					icon="icons/Pancarte TTL.svg">
					<label
						text="Passenger Stop: Trains with locomotive"
						fr.text="Arrêt voyageurs : Trains avec locomotive" />
					<space />
					<reference ref="passenger_stop_tags" />
					<key key="railway:signal:stop" value="FR:ARRET_TTL" />
					<key key="railway:signal:stop:for" value="locomotive" />
				</item>

				<item 
					name="TT EAS" 
					type="node" 
					icon="icons/Pancarte TT EAS.svg">
					<label
						text="Passenger Stop: Trains with EAS equipment"
						fr.text="Arrêt voyageurs : Trains équipés EAS" />
					<space />
					<reference ref="passenger_stop_tags" />
					<key key="railway:signal:stop" value="FR:ARRET_TT_EAS" />
					<key key="railway:signal:stop:for" value="FR:EAS" />
				</item>

				<separator />

				<item 
					name="...V" 
					type="node" 
					 icon="icons/Pancarte 12V.svg">
					<label
						text="Passenger Stop: Trains of x vehicles"
						fr.text="Arrêt voyageurs : Trains de x voitures" />
					<space />
					<reference ref="passenger_stop_tags" />
					<key key="railway:signal:stop" value="FR:ARRET_V" />
					<key key="railway:signal:stop:for" value="vehicles" />
					<text 
						key="railway:signal:stop:caption"
						text="Number of vehicles"
						fr.text="Nombre de voitures"
						length="2" />
				</item>

				<separator />

				<item 
					name="TGV 1" 
					type="node" 
					icon="icons/Pancarte TGV 1.svg">
					<label
						text="Passenger Stop: HST single units"
						fr.text="Arrêt voyageurs : TGV unités simples" />
					<space />
					<reference ref="passenger_stop_tags" />
					<key key="railway:signal:stop" value="FR:ARRET_TGV1" />
					<key key="railway:signal:stop:for" value="single_unit" />
				</item>

				<item 
					name="TGV 2" 
					type="node" 
					icon="icons/Pancarte TGV 2.svg">
					<label
						text="Passenger Stop: HST multiple units"
						fr.text="Arrêt voyageurs : TGV unités multiples" />
					<space />
					<reference ref="passenger_stop_tags" />
					<key key="railway:signal:stop" value="FR:ARRET_TGV2" />
					<key key="railway:signal:stop:for" value="multiple_unit" />
				</item>

				<item 
					name="TGV 1-2" 
					type="node" 
					icon="icons/Pancarte TGV 1-2.svg">
					
					<label
						text="Passenger Stop: HST"
						fr.text="Arrêt voyageurs : TGV" />
					<space />
					<reference ref="passenger_stop_tags" />
					<key key="railway:signal:stop" value="FR:ARRET_TGV1-2" />
					<key key="railway:signal:stop:for" value="single_unit;multiple_unit" />
				</item>

			</group>

			<item
				name="Signal Lumineux de Départ"
				fr.name="Signal Lumineux de Départ"
				type="node"
				icon="icons/Plaque mi-blanche, mi-verte.svg">
				<label
					text="Signal Lumineux de Départ"
					fr.text="Signal Lumineux de Départ" />
				<space />
				<key key="railway:signal:departure" value="FR:SLD" />
				<key key="railway:signal:departure:states" value="on;off" />
				<reference ref="common_tags" />

				<link wiki="OpenRailwayMap/Tagging_in_France#Train_departure" />
			</item>

		</group>

		<group
			name="Service Tracks and Shunting"
			fr.name="Voies de Service et Manœuvres"
			icon="icons/TIP.svg">

			<item
				name="SLM"
				fr.name="SLM"
				type="node"
				icon="icons/SLM.svg">
				<label
					text="Signal Lumineux de Manœuvre (SLM)"
					fr.text="Signal Lumineux de Manœuvre (SLM)" />
				<space />
				<key key="railway:signal:shunting" value="FR:SLM" />
				<key key="railway:signal:shunting:states" value="push;pull;stop" />
				<reference ref="common_tags" />

				<link wiki="OpenRailwayMap/Tagging_in_France#Signal_Lumineux_de_Manœuvre" />
			</item>

			<item 
				name="TLC"
				fr.name="TLC"
				type="node"
				icon="icons/TLC.svg">
				<label
					text="Tableau Lumineux de Correspondance (TLC)"
					fr.text="Tableau Lumineux de Correspondance (TLC)" />
				<space />
				<key key="railway:signal:shunting" value="FR:TLC" />
				<key key="railway:signal:shunting:states" value="FR:T;FR:(T);FR:SLD;FR:MARKER" />
				<reference ref="common_tags" />

				<link wiki="OpenRailwayMap/Tagging_in_France#Tableau Lumineux_de_Correspondance" />
			</item>

			<item 
				name="TIP"
				fr.name="TIP"
				type="node"
				icon="icons/TIP.svg">
				<label
					text="Tableau Indicateur de Provenance (TIP)"
					fr.text="Tableau Indicateur de Provenance (TIP)" />
				<space />
				<key key="railway:signal:shunting" value="FR:TIP" />
				<reference ref="common_tags" />

				<link wiki="OpenRailwayMap/Tagging_in_France#Tableau Indicateur_de_Provenance" />
			</item>

			<separator />

			<group
				name="Other Boards"
				fr.name="Autres Tableaux"
				icon="icons/Tableau D.svg">

				<chunk id="shunting_board_tags">
					<reference ref="common_tags" />
					<link wiki="OpenRailwayMap/Tagging_in_France#Other_shunting_boards" />
				</chunk>

				<item
					name="G Board"
					fr.name="Tableau G"
					type="node" icon="icons/Tableau G.svg">
					<label
						text="G Board (to Service Track)"
						fr.text="Tableau G" />
					<space />
					<reference ref="shunting_board_tags" />
					<key key="railway:signal:shunting" value="FR:G" />
				</item>

				<item
					name="D Board"
					fr.name="Tableau D"
					type="node" 
					icon="icons/Tableau D.svg">
					<label
						text="D Board (to Depot)"
						fr.text="Tableau D" />
					<space />
					<reference ref="shunting_board_tags" />
					<key key="railway:signal:shunting" value="FR:Tableau D" />
				</item>

				<item
					name="LGR Sign"
					fr.name="Pancarte LGR"
					type="node"
					icon="icons/Pancarte LGR.svg">
					<label
						text="LGR Sign (Garage Limit by Reversal)"
						fr.text="Pancarte LGR" />
					<space />
					<reference ref="shunting_board_tags" />
					<key key="railway:signal:shunting" value="FR:LGR" />
				</item>

				<item
					name="LM Sign"
					fr.name="Pancarte LM"
					type="node"
					icon="icons/Pancarte LM.svg">
					<label
						text="LM Sign (Limit of Shunting Movements)"
						fr.text="Pancarte LM" />
					<space />
					<reference ref="shunting_board_tags" />
					<key key="railway:signal:shunting" value="FR:LM" />
				</item>

				<item
					name="MV Sign"
					fr.name="Pancarte MV"
					type="node"
					icon="icons/Pancarte MV.svg">
					<label
						text="MV Sign (Proceed on Sight)"
						fr.text="Pancarte MV" />
					<space />
					<reference ref="shunting_board_tags" />
					<key key="railway:signal:shunting" value="FR:MV" />
				</item>

				<item
					name="Imp Sign"
					fr.name="Pancarte Imp"
					type="node"
					icon="icons/Pancarte Imp.svg">
					<label
						text="Imp Sign (Dead-end Track)"
						fr.text="Pancarte Imp" />
					<space />
					<reference ref="shunting_board_tags" />
					<key key="railway:signal:shunting" value="FR:IMP" />
				</item>

				<item
					name="SAS Sign"
					fr.name="Pancarte SAS"
					type="node"
					icon="icons/Pancarte SAS.svg">
					<label
						text="SAS Sign (Short Shunting Track)"
						fr.text="Pancarte SAS" />
					<space />
					<reference ref="shunting_board_tags" />
					<key key="railway:signal:shunting" value="FR:SAS" />
					<key key="railway:signal:shunting:short_route" value="yes" />
				</item>

				<separator />

				<item
					name="Buffer-Stop Sign"
					fr.name="Pancarte Heurtoir"
					type="node"
					icon="icons/Pancarte Heurtoir.svg">
					<label
						text="Buffer-Stop Sign"
						fr.text="Pancarte Heurtoir" />
					<space />
					<reference ref="shunting_board_tags" />
					<key key="railway:signal:shunting" value="FR:HEURTOIR" />
					<key key="railway:signal:shunting:type" value="buffer_stop" />
					<text
						key="railway:signal:shunting:caption"
						text="Sign Text"
						fr.text="Intitulé de la Pancarte" />
				</item>

			</group>

		</group>

		<separator />

		<group
			name="Level Crossings"
			fr.name="Passages à Niveau"
			icon="icons/Pancarte PN.svg">

			<chunk id="level_crossing_tags">
				<reference ref="common_tags" />
				<link wiki="OpenRailwayMap/Tagging_in_France#Level_crossings" />
			</chunk>

			<item
				name="Level Crossing Announcement"
				fr.name="Approche d'un PN non gardé"
				type="node" icon="icons/Pancarte à distance PN.svg">
				<label
					text="Approach of an unguarded level crossing"
					fr.text="Approche d'un passage à niveau non gardé" />
				<space />
				<reference ref="level_crossing_tags" />
				<key key="railway:signal:crossing_hint" value="FR:PN_A" />
				<text
					key="railway:signal:crossing_hint:caption"
					text="Sign Text"
					fr.text="Intitulé de la Pancarte" />
			</item>

			<item
				name="Level Crossing Ahead"
				fr.name="Pancarte PN"
				type="node" icon="icons/Pancarte PN.svg">
				<label
					text="PN Sign (Level Crossing Ahead)"
					fr.text="Pancarte PN" />
				<space />
				<reference ref="level_crossing_tags" />
				<key key="railway:signal:crossing_info" value="FR:PN" />
				<text
					key="railway:signal:crossing_info:caption"
					text="Sign Text"
					fr.text="Intitulé de la Pancarte" />

				<optional>
					<check
						key="railway:signal:crossing_info:automatic"
						text="Manual"
						fr.text="Manuel"
						value_off="" value_on="no" disable_off="true"/>
				</optional>
			</item>

		</group>

		<item
			name="Whistle"
			fr.name="Pancarte S"
			type="node"
			icon="icons/Pancarte S.svg">
			<label
				text="S Sign (Whistle)"
				fr.text="Pancarte S" />
			<space />
			<key key="railway:signal:whistle" value="FR:SIFFLER" />
			<reference ref="common_tags" />
			<optional>
				<check
					key="railway:signal:whistle:plate"
					text="Mandatory during daylight only (from 07:00 to 20:00)"
					fr.text="Obligatoire de jour uniquement (de 07:00 à 20:00)"
					value_on="FR:J" disable_off="true" />
			</optional>

			<link wiki="OpenRailwayMap/Tagging_in_France#Whistle" />
		</item>

		<chunk id="misc_board_tags">
			<reference ref="common_tags" />
			<link wiki="OpenRailwayMap/Tagging_in_France#Miscellaneous_signs_and_boards" />
		</chunk>

		<item
			name="Reduced Gauge Structure"
			fr.name="Gabarit Réduit"
			type="node"
			icon="icons/Pancarte Gabarit réduit.svg">
			<label
				text="Reduced Gauge Structure"
				fr.text="Ouvrage d'art à gabarit réduit" />
			<space />
			<reference ref="misc_board_tags" />
			<key key="railway:signal:main" value="FR:GABARIT" />
		</item>

	</group>

</presets>
